<?xml version = '1.0' encoding = 'UTF-8'?>
<Entity class="oracle.dbtools.crest.model.design.logical.Entity" directorySegmentName="seg_0" id="20C46FE1-967F-0CD4-28BB-05603E49F7DE" name="ALUNO">
<createdBy>logonrmlocal</createdBy>
<createdTime>2024-04-18 13:31:29 UTC</createdTime>
<ownerDesignName>1TDSPI</ownerDesignName>
<engineerTo>
<item key="CCF55BEF-7D9F-EDAF-45CA-6869DCBA3839" value="true"/>
</engineerTo>
<adequatelyNormalized>NO</adequatelyNormalized>
<expectedVolumes>0</expectedVolumes>
<fwdEngineeringStrategyName>Single Table</fwdEngineeringStrategyName>
<growthPercent>0</growthPercent>
<growthType>Year</growthType>
<maxVolumes>9999999</maxVolumes>
<minVolumes>0</minVolumes>
<normalForm>Third</normalForm>
<attributes itemClass="oracle.dbtools.crest.model.design.logical.Attribute">
<Attribute name="rm" id="1CC88F0F-349B-63D0-B81C-0AAD437B0DBA">
<createdBy>logonrmlocal</createdBy>
<createdTime>2024-04-18 13:35:50 UTC</createdTime>
<ownerDesignName>1TDSPI</ownerDesignName>
<engineerTo>
<item key="CCF55BEF-7D9F-EDAF-45CA-6869DCBA3839" value="true"/>
</engineerTo>
<useDomainConstraints>false</useDomainConstraints>
<use>1</use>
<logicalDatatype>LOGDT011</logicalDatatype>
<ownDataTypeParameters>,,</ownDataTypeParameters>
</Attribute>
<Attribute name="nome" id="25DD6B7A-0CEB-BC03-109E-4055703E75DE">
<createdBy>logonrmlocal</createdBy>
<createdTime>2024-04-18 13:35:55 UTC</createdTime>
<ownerDesignName>1TDSPI</ownerDesignName>
<engineerTo>
<item key="CCF55BEF-7D9F-EDAF-45CA-6869DCBA3839" value="true"/>
</engineerTo>
<useDomainConstraints>false</useDomainConstraints>
<use>1</use>
<logicalDatatype>LOGDT024</logicalDatatype>
<dataTypeSize>150</dataTypeSize>
<ownDataTypeParameters>150,,</ownDataTypeParameters>
</Attribute>
<Attribute name="cpf" id="50A93BE2-4E30-16B9-A3F5-9E08964C8B5C">
<createdBy>logonrmlocal</createdBy>
<createdTime>2024-04-18 13:36:06 UTC</createdTime>
<ownerDesignName>1TDSPI</ownerDesignName>
<engineerTo>
<item key="CCF55BEF-7D9F-EDAF-45CA-6869DCBA3839" value="true"/>
</engineerTo>
<useDomainConstraints>false</useDomainConstraints>
<use>1</use>
<logicalDatatype>LOGDT024</logicalDatatype>
<dataTypeSize>14</dataTypeSize>
<ownDataTypeParameters>14,,</ownDataTypeParameters>
</Attribute>
<Attribute name="data_nascimento" id="FA60958D-F47C-D129-43A2-D5CE5877D4A8">
<createdBy>logonrmlocal</createdBy>
<createdTime>2024-04-18 13:35:59 UTC</createdTime>
<ownerDesignName>1TDSPI</ownerDesignName>
<engineerTo>
<item key="CCF55BEF-7D9F-EDAF-45CA-6869DCBA3839" value="true"/>
</engineerTo>
<nullsAllowed>true</nullsAllowed>
<useDomainConstraints>false</useDomainConstraints>
<use>1</use>
<logicalDatatype>LOGDT007</logicalDatatype>
<ownDataTypeParameters>,,</ownDataTypeParameters>
</Attribute>
<Attribute name="sigla" id="9E223623-6F83-E862-5A00-6078427E6ED8">
<createdBy>logonrmlocal</createdBy>
<createdTime>2024-04-18 14:26:01 UTC</createdTime>
<generatorID>E5E96727-A5AC-3924-6652-FFDF245A72CD</generatorID>
<ownerDesignName>1TDSPI</ownerDesignName>
<engineerTo>
<item key="CCF55BEF-7D9F-EDAF-45CA-6869DCBA3839" value="true"/>
</engineerTo>
<referedAttribute>A29235E7-3FF2-3CE8-3E54-6F24DD2A90CC</referedAttribute>
<useDomainConstraints>false</useDomainConstraints>
<use>1</use>
<logicalDatatype>LOGDT024</logicalDatatype>
<dataTypeSize>6</dataTypeSize>
<ownDataTypeParameters>,,</ownDataTypeParameters>
</Attribute>
</attributes>
<identifiers itemClass="oracle.dbtools.crest.model.design.logical.CandidateKey">
<identifier id="E3DC3DF5-722A-7AC2-BFD7-B948741DA0D9" name="ALUNO PK">
<createdBy>logonrmlocal</createdBy>
<createdTime>2024-04-18 13:37:26 UTC</createdTime>
<ownerDesignName>1TDSPI</ownerDesignName>
<engineerTo>
<item key="CCF55BEF-7D9F-EDAF-45CA-6869DCBA3839" value="true"/>
</engineerTo>
<pk>true</pk>
<usedAttributes>
<attributeRef>1CC88F0F-349B-63D0-B81C-0AAD437B0DBA</attributeRef>
</usedAttributes>
</identifier>
</identifiers>
</Entity>