<?xml version = '1.0' encoding = 'UTF-8'?>
<Entity class="oracle.dbtools.crest.model.design.logical.Entity" directorySegmentName="seg_0" id="D231C38A-23C5-31EA-45D0-19FFD9B8266C" name="DISCIPLINA">
<createdBy>logonrmlocal</createdBy>
<createdTime>2024-04-18 13:32:17 UTC</createdTime>
<ownerDesignName>1TDSPI</ownerDesignName>
<engineerTo>
<item key="CCF55BEF-7D9F-EDAF-45CA-6869DCBA3839" value="true"/>
</engineerTo>
<adequatelyNormalized>NO</adequatelyNormalized>
<expectedVolumes>0</expectedVolumes>
<fwdEngineeringStrategyName>Single Table</fwdEngineeringStrategyName>
<growthPercent>0</growthPercent>
<growthType>Year</growthType>
<maxVolumes>9999999</maxVolumes>
<minVolumes>0</minVolumes>
<normalForm>Third</normalForm>
<attributes itemClass="oracle.dbtools.crest.model.design.logical.Attribute">
<Attribute name="conteudo_programatico" id="88E29954-2439-56C4-FB8B-BB2D970D1CF1">
<createdBy>logonrmlocal</createdBy>
<createdTime>2024-04-18 13:39:47 UTC</createdTime>
<commentInRDBMS><![CDATA[CONTEÚDO DA DISCIPLINA]]></commentInRDBMS>
<ownerDesignName>1TDSPI</ownerDesignName>
<engineerTo>
<item key="CCF55BEF-7D9F-EDAF-45CA-6869DCBA3839" value="true"/>
</engineerTo>
<useDomainConstraints>false</useDomainConstraints>
<use>1</use>
<logicalDatatype>LogDes-1768A872-F385-FDBA-D95E-0CB63F5908E2@LOGDT10045</logicalDatatype>
<ownDataTypeParameters>,,</ownDataTypeParameters>
</Attribute>
<Attribute name="nome" id="FC5C1A28-39D9-432C-737C-BB70D5EB251C">
<createdBy>logonrmlocal</createdBy>
<createdTime>2024-04-18 13:40:10 UTC</createdTime>
<ownerDesignName>1TDSPI</ownerDesignName>
<engineerTo>
<item key="CCF55BEF-7D9F-EDAF-45CA-6869DCBA3839" value="true"/>
</engineerTo>
<useDomainConstraints>false</useDomainConstraints>
<use>1</use>
<logicalDatatype>LOGDT024</logicalDatatype>
<dataTypeSize>50</dataTypeSize>
<ownDataTypeParameters>50,,</ownDataTypeParameters>
</Attribute>
<Attribute name="carga_horaria" id="4307799E-368B-EC5A-8F83-F965764E94B0">
<createdBy>logonrmlocal</createdBy>
<createdTime>2024-04-18 13:40:20 UTC</createdTime>
<ownerDesignName>1TDSPI</ownerDesignName>
<engineerTo>
<item key="CCF55BEF-7D9F-EDAF-45CA-6869DCBA3839" value="true"/>
</engineerTo>
<useDomainConstraints>false</useDomainConstraints>
<use>1</use>
<logicalDatatype>LOGDT014</logicalDatatype>
<ownDataTypeParameters>,,</ownDataTypeParameters>
</Attribute>
<Attribute name="objetivo" id="4BE20F91-EC2E-8624-30F8-0C102329588B">
<createdBy>logonrmlocal</createdBy>
<createdTime>2024-04-18 13:40:26 UTC</createdTime>
<commentInRDBMS><![CDATA[FINALIDADE DA DISCIPLINA]]></commentInRDBMS>
<ownerDesignName>1TDSPI</ownerDesignName>
<engineerTo>
<item key="CCF55BEF-7D9F-EDAF-45CA-6869DCBA3839" value="true"/>
</engineerTo>
<useDomainConstraints>false</useDomainConstraints>
<use>1</use>
<logicalDatatype>LogDes-1768A872-F385-FDBA-D95E-0CB63F5908E2@LOGDT10045</logicalDatatype>
<ownDataTypeParameters>,,</ownDataTypeParameters>
</Attribute>
<Attribute name="id_disciplina" id="B5397661-5FC4-D6EE-724E-97D71659CF40">
<createdBy>logonrmlocal</createdBy>
<createdTime>2024-04-18 13:40:30 UTC</createdTime>
<ownerDesignName>1TDSPI</ownerDesignName>
<engineerTo>
<item key="CCF55BEF-7D9F-EDAF-45CA-6869DCBA3839" value="true"/>
</engineerTo>
<useDomainConstraints>false</useDomainConstraints>
<use>1</use>
<logicalDatatype>LOGDT011</logicalDatatype>
<ownDataTypeParameters>,,</ownDataTypeParameters>
</Attribute>
</attributes>
<identifiers itemClass="oracle.dbtools.crest.model.design.logical.CandidateKey">
<identifier id="BA448B3D-BB93-E319-D731-B3F4C3409D58" name="DISCIPLINA PK">
<createdBy>logonrmlocal</createdBy>
<createdTime>2024-04-18 13:40:38 UTC</createdTime>
<ownerDesignName>1TDSPI</ownerDesignName>
<engineerTo>
<item key="CCF55BEF-7D9F-EDAF-45CA-6869DCBA3839" value="true"/>
</engineerTo>
<pk>true</pk>
<usedAttributes>
<attributeRef>B5397661-5FC4-D6EE-724E-97D71659CF40</attributeRef>
</usedAttributes>
</identifier>
</identifiers>
</Entity>