<?xml version = '1.0' encoding = 'UTF-8'?>
<relationalModel class="oracle.dbtools.crest.model.design.relational.RelationalDesign" name="Relational_1" id="CCF55BEF-7D9F-EDAF-45CA-6869DCBA3839" mainViewID="C662360A-D1E2-528B-40A2-0BD654FE8613">
<createdBy>logonrmlocal</createdBy>
<createdTime>2024-04-18 13:26:19 UTC</createdTime>
<ownerDesignName>1TDSPI</ownerDesignName>
<shouldBeOpen>false</shouldBeOpen>
<selectedRDBMSSite>32076570-2523-435C-2E92-BF29817DFF70</selectedRDBMSSite>
</relationalModel>