<?xml version = '1.0' encoding = 'UTF-8'?>
<Relation class="oracle.dbtools.crest.model.design.logical.Relation" name="Relation_2" directorySegmentName="seg_0" id="94233AA5-3AA3-0739-BB50-973FC3D8CAF1">
<createdBy>logonrmlocal</createdBy>
<createdTime>2024-04-18 14:07:29 UTC</createdTime>
<ownerDesignName>1TDSPI</ownerDesignName>
<engineerTo>
<item key="CCF55BEF-7D9F-EDAF-45CA-6869DCBA3839" value="true"/>
</engineerTo>
<sourcePk>7AC3A685-FB45-AD6B-FA67-1A71D9AB086E</sourcePk>
<identifying>false</identifying>
<optionalSource>true</optionalSource>
<optionalTarget>false</optionalTarget>
<sourceCardinality>1</sourceCardinality>
<sourceEntity>D6FAA5F2-8723-385E-3067-0EA987CD8924</sourceEntity>
<targetCardinalityString>*</targetCardinalityString>
<targetEntity>8D97AA3D-4E74-97E7-B108-450993C26075</targetEntity>
<transferable>true</transferable>
<deleteRule>NO ACTION</deleteRule>
</Relation>