<?xml version = '1.0' encoding = 'UTF-8'?>
<Relation class="oracle.dbtools.crest.model.design.logical.Relation" name="Relation_1" directorySegmentName="seg_0" id="E5E96727-A5AC-3924-6652-FFDF245A72CD">
<createdBy>logonrmlocal</createdBy>
<createdTime>2024-04-18 14:07:12 UTC</createdTime>
<ownerDesignName>1TDSPI</ownerDesignName>
<engineerTo>
<item key="CCF55BEF-7D9F-EDAF-45CA-6869DCBA3839" value="true"/>
</engineerTo>
<sourcePk>7AC3A685-FB45-AD6B-FA67-1A71D9AB086E</sourcePk>
<identifying>false</identifying>
<optionalSource>true</optionalSource>
<optionalTarget>false</optionalTarget>
<sourceCardinality>1</sourceCardinality>
<sourceEntity>D6FAA5F2-8723-385E-3067-0EA987CD8924</sourceEntity>
<targetCardinalityString>*</targetCardinalityString>
<targetEntity>20C46FE1-967F-0CD4-28BB-05603E49F7DE</targetEntity>
<transferable>true</transferable>
<deleteRule>NO ACTION</deleteRule>
</Relation>